[
  {
    "timestamp": "2019-05-05T18:05:43.515Z",
    "symbol": "A05.SI",
    "sharesTraded": "5k",
    "priceTraded": 26.55,
    "changeDirection": "up",
    "changeAmount": 0.17
  },
  {
    "timestamp": "2019-05-05T18:06:43.515Z",
    "symbol": "B05.SI",
    "sharesTraded": "5k",
    "priceTraded": 26.55,
    "changeDirection": "up",
    "changeAmount": 0.17
  },
  {
    "timestamp": "2019-05-05T18:27:43.515Z",
    "symbol": "C05.SI",
    "sharesTraded": "5k",
    "priceTraded": 26.55,
    "changeDirection": "up",
    "changeAmount": 0.17
  },
  {
    "timestamp": "2019-05-05T18:28:43.515Z",
    "symbol": "D05.SI",
    "sharesTraded": "5k",
    "priceTraded": 26.55,
    "changeDirection": "up",
    "changeAmount": 0.17
  },
  {
    "timestamp": "2019-05-05T18:29:43.515Z",
    "symbol": "E05.SI",
    "sharesTraded": "5k",
    "priceTraded": 26.55,
    "changeDirection": "up",
    "changeAmount": 0.17
  },
  {
    "timestamp": "2019-05-05T18:30:43.515Z",
    "symbol": "F05.SI",
    "sharesTraded": "5k",
    "priceTraded": 26.55,
    "changeDirection": "up",
    "changeAmount": 0.17
  },
  {
    "timestamp": "2019-05-05T18:31:43.515Z",
    "symbol": "G05.SI",
    "sharesTraded": "5k",
    "priceTraded": 26.55,
    "changeDirection": "up",
    "changeAmount": 0.17
  },
  {
    "timestamp": "2019-05-05T18:32:43.515Z",
    "symbol": "H05.SI",
    "sharesTraded": "5k",
    "priceTraded": 26.55,
    "changeDirection": "up",
    "changeAmount": 0.17
  },
  {
    "timestamp": "2019-05-05T18:33:43.515Z",
    "symbol": "H05.SI",
    "sharesTraded": "5k",
    "priceTraded": 26.55,
    "changeDirection": "up",
    "changeAmount": 0.17
  },
  {
    "timestamp": "2019-05-05T18:34:43.515Z",
    "symbol": "H05.SI",
    "sharesTraded": "5k",
    "priceTraded": 26.55,
    "changeDirection": "up",
    "changeAmount": 0.17
  }
]
